"Word","Frequency"
"abandon","3"
"abat","2"
"abhor","3"
"abhorreth","1"
"abid","1"
"abod","5"
"abode","1"
"abound","4"
"about","1"
"abov","15"
"above","6"
"absent","4"
"absorb","3"
"abstin","1"
"abyss","5"
"acarnania","1"
"accent","2"
"accid","2"
"accord","4"
"accost","1"
"accus","1"
"accustom","2"
"ach","4"
"achelous","1"
"acheron","2"
"acherusia","1"
"achiev","1"
"acroceraunian","1"
"act","6"
"actium","1"
"actor","1"
"ad","2"
"ada","1"
"adamantin","1"
"add","1"
"address","1"
"adieu","10"
"admir","2"
"admirat","1"
"admire","1"
"ador","13"
"adorn","3"
"adorner","1"
"adown","1"
"adriatic","1"
"adulter","1"
"advanc","4"
"adventur","2"
"advers","2"
"aegi","1"
"aegina","1"
"aetna","1"
"aetolia","1"
"afar","9"
"afarand","1"
"affect","6"
"afflict","1"
"afford","1"
"afoot","1"
"afric","2"
"after","2"
"again","35"
"against","10"
"agat","1"
"age","29"
"agen","1"
"ages","2"
"aghast","1"
"agit","1"
"ago","2"
"agoni","6"
"ah","12"
"aid","6"
"aim","5"
"aime","1"
"air","21"
"airi","4"
"aisl","2"
"ala","10"
"alaric","1"
"alarm","1"
"alas","10"
"alban","1"
"albania","5"
"albanian","3"
"albano","1"
"albeit","7"
"albion","6"
"albuera","2"
"albyn","1"
"alchemi","1"
"alcide","1"
"alexand","1"
"alfieri","1"
"alfonso","2"
"ali","2"
"alik","6"
"alike","2"
"all","221"
"allah","1"
"allay","1"
"alli","3"
"allot","1"
"allow","5"
"alloy","1"
"allur","1"
"almighti","3"
"almost","6"
"aloft","1"
"alon","24"
"alone","1"
"along","33"
"aloof","3"
"aloud","2"
"alp","2"
"alpine","3"
"alps","6"
"alreadi","1"
"also","2"
"altar","9"
"alter","1"
"altern","1"
"although","3"
"altogeth","1"
"alway","3"
"am","9"
"amass","1"
"amaz","2"
"amazon","1"
"ambit","5"
"ambition","5"
"ambracia","1"
"ambrosi","1"
"amid","1"
"amidst","11"
"amiss","1"
"among","7"
"amongst","2"
"amor","2"
"amphitheatr","1"
"ampl","1"
"amplest","1"
"an","62"
"anarch","1"
"anarchi","1"
"ancestr","1"
"anchise","1"
"anchor","1"
"anchorit","1"
"ancient","11"
"and","1423"
"andalusia","3"
"anew","3"
"angel","1"
"angelo","1"
"anger","1"
"angri","1"
"ani","1"
"anithet","1"
"anlac","1"
"annal","3"
"annihil","1"
"announc","1"
"annual","1"
"annul","1"
"anon","5"
"anoth","7"
"another","1"
"answer","5"
"antipathi","1"
"antiqu","2"
"apart","2"
"ape","2"
"apennin","1"
"apertur","1"
"apish","1"
"apollo","2"
"apostl","1"
"apostol","1"
"appal","3"
"appall","1"
"appeal","2"
"appear","14"
"appearedst","1"
"appeas","1"
"appetit","1"
"appl","1"
"applaud","1"
"applaus","1"
"apprentic","1"
"approach","2"
"approv","2"
"april","1"
"apt","1"
"arbit","1"
"arch","10"
"archangel","1"
"archeri","1"
"arches","1"
"ardenn","1"
"arduous","1"
"are","151"
"area","2"
"arena","4"
"arion","1"
"ariosto","2"
"aris","7"
"arise","2"
"ark","2"
"arm","17"
"armada","1"
"armament","1"
"armi","2"
"arms","3"
"arno","3"
"aros","2"
"around","26"
"arous","1"
"arqua","3"
"array","13"
"arrow","3"
"arrowi","1"
"art","37"
"artifici","1"
"artist","2"
"artizan","1"
"artless","1"
"arts","1"
"as","228"
"ascend","3"
"ash","11"
"ashes","1"
"asia","2"
"asian","1"
"asid","3"
"aside","1"
"ask","8"
"asp","1"
"aspect","9"
"aspir","4"
"assail","4"
"assassin","2"
"assert","1"
"assuag","2"
"assum","5"
"assyria","1"
"astound","1"
"at","76"
"athen","4"
"athena","5"
"athos","2"
"athwart","1"
"atlas","1"
"aton","3"
"attach","1"
"attack","1"
"attain","1"
"attend","1"
"attic","2"
"attica","1"
"attribut","1"
"aught","15"
"august","1"
"aurora","1"
"auspic","1"
"auster","3"
"austerest","1"
"austrian","1"
"autumn","3"
"avail","1"
"avalanch","1"
"avaric","1"
"aveng","3"
"aventicum","1"
"aver","2"
"avert","1"
"avouch","1"
"avow","2"
"aw","3"
"await","3"
"awak","8"
"awake","3"
"awaken","1"
"awar","1"
"away","32"
"awe","6"
"awestruck","1"
"awhil","5"
"awoke","1"
"axe","1"
"ay","1"
"aye","1"
"azur","4"
"babe","3"
"babylonian","1"
"bacchan","1"
"back","18"
"backward","2"
"bactrian","1"
"bad","2"
"bade","5"
"badg","1"
"baffl","6"
"bald","1"
"balefir","1"
"ball","2"
"ballpil","1"
"band","8"
"bane","1"
"banish","2"
"bank","16"
"banner","3"
"banquet","1"
"baptism","1"
"bar","7"
"barbar","5"
"barbarian","4"
"bard","13"
"bare","4"
"bark","7"
"baroni","1"
"barossa","1"
"barren","4"
"barrier","2"
"barter","1"
"base","10"
"baser","2"
"bask","1"
"bastard","1"
"bath","3"
"batter","1"
"batteri","1"
"battl","13"
"battlefield","1"
"battlement","5"
"baulk","1"
"bay","7"
"bayonet","1"
"be","181"
"beach","1"
"beacon","1"
"bead","1"
"beadsmen","1"
"beak","2"
"beam","10"
"bear","30"
"beard","2"
"bearer","1"
"beart","1"
"beast","2"
"beat","5"
"beauteous","2"
"beauti","38"
"beautifi","1"
"becam","7"
"becaus","9"
"becom","7"
"bed","2"
"bedew","1"
"bee","2"
"been","43"
"befel","2"
"befor","33"
"beg","1"
"began","2"
"begin","2"
"beguil","3"
"begun","6"
"beheld","14"
"beheldest","1"
"behest","1"
"behind","10"
"behold","18"
"behov","1"
"belgium","1"
"believ","3"
"bell","3"
"bellow","2"
"belong","1"
"belov","3"
"below","18"
"belt","2"
"bend","10"
"beneath","41"
"bent","3"
"benumb","1"
"bequeath","4"
"bereft","1"
"beseem","1"
"besid","4"
"bespeak","1"
"best","9"
"bestow","4"
"betid","2"
"betim","1"
"betray","1"
"better","9"
"between","12"
"betwixt","2"
"bewail","1"
"bewar","1"
"bewild","1"
"beyond","6"
"bid","10"
"bier","2"
"big","2"
"bigot","2"
"bill","1"
"billow","6"
"bind","3"
"bird","9"
"birth","16"
"birthplac","1"
"biscay","1"
"bit","1"
"bitter","7"
"bitterest","1"
"black","7"
"blacken","3"
"blackey","2"
"blame","1"
"blanc","1"
"blanch","1"
"bland","1"
"blasphemi","1"
"blast","10"
"blaze","4"
"blazon","3"
"bleach","1"
"bleak","6"
"bled","3"
"bleed","14"
"blend","9"
"blent","1"
"bless","9"
"blest","9"
"blew","2"
"blight","10"
"blind","8"
"bliss","2"
"blith","1"
"bloat","2"
"block","2"
"blood","35"
"bloodi","9"
"bloodier","1"
"bloodiest","1"
"bloodless","2"
"bloodr","1"
"bloom","6"
"blossom","3"
"blot","1"
"blow","6"
"blown","1"
"blue","22"
"bluest","1"
"blunt","2"
"blush","9"
"board","2"
"boast","11"
"boat","1"
"boatswain","1"
"boccaccio","1"
"bodi","2"
"bodiless","1"
"boeotian","1"
"boil","2"
"boileau","1"
"bold","4"
"boldest","1"
"bolt","4"
"bond","2"
"bondag","4"
"bondsman","1"
"bondsmen","2"
"bone","8"
"boni","1"
"boon","2"
"boot","1"
"border","1"
"bore","9"
"born","21"
"bosom","24"
"bosphorus","1"
"both","8"
"bough","1"
"bound","15"
"boundari","1"
"boundless","5"
"bounti","1"
"bow","15"
"bower","4"
"bowl","2"
"boy","8"
"boyhood","2"
"boyish","2"
"braid","2"
"brain","8"
"brake","1"
"branch","4"
"brand","2"
"brass","1"
"brast","1"
"brave","11"
"bravest","1"
"bravo","1"
"brawl","1"
"brazen","1"
"break","13"
"breaker","4"
"breast","37"
"breath","34"
"breathless","2"
"bred","1"
"breez","10"
"brenta","1"
"brentford","1"
"brethren","2"
"bridal","1"
"bride","3"
"bridg","1"
"bridled","1"
"brief","3"
"bright","20"
"brighter","3"
"brightest","2"
"brilliant","2"
"brim","2"
"brine","3"
"bring","10"
"brink","1"
"brisk","2"
"bristl","1"
"britannia","2"
"british","3"
"briton","1"
"broad","4"
"broke","4"
"broken","16"
"brood","3"
"brook","6"
"brother","2"
"brought","2"
"brow","23"
"brown","2"
"browseth","1"
"bruit","1"
"brunswick","1"
"brunt","1"
"brutal","1"
"brute","1"
"brutus","2"
"bubbl","6"
"bucentaur","1"
"buckler","1"
"bud","3"
"build","4"
"built","5"
"bull","3"
"bulwark","1"
"burgundi","1"
"buri","6"
"burial","1"
"burn","8"
"burst","4"
"busi","6"
"bust","6"
"bustl","1"
"but","334"
"butcher","2"
"buy","1"
"buzz","2"
"by","135"
"byword","1"
"byzantium","1"
"cabin","1"
"cadiz","3"
"caesar","7"
"cage","1"
"cain","2"
"caiqu","1"
"caledonia","1"
"call","18"
"callsawak","1"
"calm","10"
"caloy","1"
"calp","2"
"calumni","1"
"calypso","2"
"came","11"
"camel","1"
"cameron","1"
"cames","1"
"camp","2"
"can","67"
"candia","1"
"canna","1"
"cannon","2"
"cannot","11"
"canopi","4"
"canova","1"
"canva","1"
"cap","3"
"caparison","1"
"cape","3"
"capit","3"
"capitol","1"
"capot","2"
"capric","1"
"capt","1"
"captiv","5"
"car","5"
"care","8"
"career","4"
"caress","1"
"careth","1"
"carl","1"
"carnag","2"
"carnal","2"
"carniv","1"
"carol","3"
"carthag","1"
"carthaginian","2"
"cast","9"
"castanet","1"
"castl","2"
"cataract","3"
"catch","1"
"caught","6"
"caus","6"
"caution","1"
"cautious","1"
"cava","1"
"cavali","1"
"cave","13"
"cavern","1"
"ceas","15"
"ceaseless","4"
"celesti","3"
"cell","6"
"cement","1"
"centr","4"
"central","1"
"centuri","1"
"certain","1"
"chain","14"
"chair","2"
"chaldean","1"
"chamber","4"
"champ","1"
"champion","5"
"chanc","3"
"chang","20"
"channel","1"
"chant","2"
"chao","2"
"charact","1"
"charg","1"
"charger","1"
"chariot","2"
"chariti","1"
"charl","1"
"charm","18"
"chart","1"
"charter","1"
"chase","6"
"chasm","1"
"chast","2"
"chastelyaw","1"
"chasten","2"
"chastis","1"
"cheat","1"
"check","5"
"cheek","11"
"cheer","10"
"cherish","4"
"cherubhydra","1"
"chest","1"
"chief","22"
"chiefest","1"
"chiefless","1"
"chiefli","1"
"chieftain","5"
"child","27"
"childhood","1"
"childless","1"
"children","10"
"chill","2"
"chimari","2"
"chimariot","1"
"chimera","1"
"chin","1"
"china","1"
"chirp","1"
"chivalr","1"
"chivalri","5"
"choic","1"
"choir","1"
"choke","3"
"choos","3"
"chop","1"
"choral","1"
"chose","2"
"christ","2"
"christian","4"
"church","2"
"churchman","1"
"churl","1"
"cicero","1"
"cintra","3"
"circl","10"
"circumambi","1"
"circumcis","1"
"circumfus","1"
"circumscrib","1"
"circumscribeth","1"
"circumst","1"
"circus","2"
"citadel","1"
"citi","20"
"citizen","2"
"civic","1"
"civil","1"
"claim","17"
"clan","1"
"clang","1"
"clank","2"
"clansman","1"
"clap","1"
"claren","3"
"clarion","2"
"clasp","2"
"class","3"
"classic","2"
"clatter","1"
"claus","1"
"clay","14"
"clean","2"
"clear","15"
"clearer","2"
"cleav","3"
"cleft","2"
"clench","1"
"cleopatra","1"
"cliff","6"
"climb","8"
"clime","15"
"cling","6"
"clipt","1"
"clitumnus","1"
"cloak","3"
"close","9"
"closest","1"
"cloth","2"
"cloud","21"
"cloudi","3"
"cloy","2"
"clung","1"
"clutch","1"
"coach","1"
"coalblack","1"
"coast","9"
"coblentz","1"
"coeval","1"
"coffin","1"
"coil","3"
"coin","1"
"cold","17"
"coliseum","3"
"collar","1"
"collect","1"
"colonna","1"
"coloss","4"
"colour","9"
"columbia","2"
"column","10"
"columnscatt","1"
"combat","2"
"combin","4"
"come","32"
"comebut","1"
"comedi","1"
"cometh","2"
"comfort","1"
"command","5"
"commemor","1"
"commerc","1"
"commingl","1"
"common","6"
"commonwealth","1"
"communion","1"
"compani","1"
"companionship","1"
"compar","2"
"compass","4"
"compeer","1"
"compel","2"
"complac","1"
"complain","3"
"complexion","1"
"compos","1"
"comprehend","1"
"comput","1"
"conceal","3"
"conceiv","3"
"concent","1"
"concept","2"
"concert","2"
"conclud","1"
"concubin","1"
"condemn","4"
"condens","2"
"condol","1"
"conduct","1"
"confer","1"
"confid","1"
"confin","2"
"confirm","1"
"conflict","3"
"conform","1"
"congeal","1"
"congeni","1"
"conjectur","1"
"connoisseurship","1"
"conquer","15"
"conqueror","9"
"conquest","5"
"conscienc","1"
"conscious","4"
"consecr","6"
"consent","3"
"consort","1"
"conspicu","2"
"constant","2"
"constel","2"
"consum","4"
"contact","1"
"contagion","1"
"contain","4"
"contemn","2"
"contempl","6"
"contend","2"
"contenti","1"
"contest","2"
"continu","1"
"contrari","1"
"contrast","1"
"contriv","1"
"control","5"
"conven","1"
"convent","3"
"convers","2"
"convert","1"
"convoy","1"
"convuls","5"
"conyng","1"
"cool","1"
"coop","1"
"cope","2"
"copyist","1"
"coquettish","1"
"core","2"
"corinth","1"
"corktre","1"
"corn","3"
"cornelia","1"
"corrector","1"
"corridor","1"
"corrod","1"
"corrupt","3"
"cors","3"
"cost","4"
"cot","1"
"couch","4"
"could","60"
"couldst","5"
"counsel","3"
"count","2"
"countless","2"
"countri","10"
"countrymen","3"
"courag","1"
"cours","3"
"courser","2"
"court","3"
"cove","1"
"cover","3"
"covert","2"
"cower","1"
"cradl","2"
"crag","10"
"craggi","1"
"cranni","1"
"crash","1"
"crave","2"
"creak","1"
"creat","5"
"creation","7"
"creativ","1"
"creator","2"
"creatur","1"
"creed","3"
"creep","1"
"crescent","4"
"crest","4"
"crew","4"
"cri","9"
"crib","1"
"crime","9"
"crimson","4"
"crisp","1"
"critic","1"
"croce","2"
"cromwel","1"
"crook","2"
"cross","9"
"croup","1"
"crow","1"
"crowd","13"
"crown","12"
"crownless","1"
"cruel","2"
"crumbl","2"
"cruscan","1"
"crush","10"
"crutch","1"
"crystal","2"
"cub","1"
"cumber","1"
"cup","1"
"curb","1"
"cure","3"
"curious","1"
"curl","3"
"current","2"
"curs","5"
"curst","5"
"custom","1"
"cut","2"
"cybel","1"
"cynic","3"
"cypress","3"
"cytherea","1"
"dacian","1"
"dagger","1"
"daili","3"
"dale","2"
"dame","5"
"damp","2"
"danc","12"
"dandolo","1"
"danger","5"
"dant","3"
"danub","2"
"daphn","1"
"dardan","1"
"dare","19"
"dark","37"
"darken","4"
"darkglanc","1"
"dart","9"
"darter","1"
"dash","7"
"dashest","1"
"date","2"
"daughter","10"
"daughtersdeign","1"
"dawn","4"
"day","60"
"dazzl","5"
"dead","29"
"deadlier","1"
"deadliest","1"
"deaf","1"
"deal","1"
"dealt","1"
"dear","19"
"dearer","2"
"dearth","1"
"death","21"
"deathb","1"
"deathless","2"
"deathshot","1"
"deathstruck","1"
"debt","1"
"decay","13"
"deceiv","2"
"deck","4"
"declin","4"
"decliv","1"
"decor","1"
"decre","4"
"deed","18"
"deem","38"
"deemt","1"
"deep","41"
"deepen","4"
"deeper","2"
"deepli","2"
"defac","5"
"defenc","2"
"defenceless","1"
"defend","1"
"defer","1"
"defi","2"
"defianc","1"
"defil","2"
"defin","1"
"deform","1"
"degener","1"
"degrad","2"
"degre","2"
"deign","5"
"deigneth","1"
"deiti","1"
"delay","4"
"delhi","2"
"delic","3"
"delici","2"
"delight","14"
"deliri","1"
"dell","1"
"delphi","3"
"delug","1"
"delus","1"
"demand","1"
"demi","1"
"demon","4"
"den","4"
"deni","4"
"denizen","2"
"denot","1"
"depart","6"
"deplor","2"
"depopul","1"
"depos","1"
"depth","6"
"deriv","1"
"descend","5"
"descri","1"
"describ","1"
"desert","10"
"deserv","1"
"design","1"
"desir","6"
"desol","17"
"despair","8"
"desper","2"
"despis","6"
"despit","2"
"despoil","2"
"despond","1"
"despot","6"
"destini","3"
"destroy","7"
"destruct","8"
"detest","2"
"develop","4"
"devic","1"
"devis","1"
"devot","8"
"devour","1"
"dew","3"
"dewi","2"
"diadem","1"
"dian","2"
"diana","1"
"dictatori","1"
"did","56"
"didst","12"
"die","30"
"differ","3"
"diffus","2"
"dig","1"
"dignifi","1"
"digniti","4"
"dilat","3"
"dim","9"
"dimpl","1"
"din","4"
"dingi","1"
"dint","1"
"diogen","1"
"dire","1"
"dirg","1"
"dirt","1"
"disabl","1"
"disappear","1"
"disappoint","1"
"disarm","1"
"discern","1"
"disclos","3"
"discolour","1"
"disconsol","1"
"discont","1"
"discrown","1"
"disdain","6"
"diseas","5"
"disfigur","1"
"disgrac","2"
"disguis","3"
"disgust","2"
"dismal","1"
"dismay","1"
"dispers","1"
"displac","2"
"display","6"
"displeas","2"
"disport","1"
"dissembl","1"
"distaff","1"
"distanc","4"
"distant","10"
"distemp","1"
"distinct","3"
"distinguish","1"
"distinguisheth","1"
"distort","1"
"distract","4"
"distress","5"
"ditti","1"
"divers","1"
"divest","2"
"divid","4"
"divin","12"
"divinest","1"
"do","17"
"docil","1"
"doctrin","1"
"dodona","1"
"doe","2"
"dog","3"
"doge","1"
"dogeless","1"
"dolphin","1"
"dome","17"
"domest","2"
"dominion","4"
"don","1"
"donald","1"
"done","14"
"doom","17"
"door","1"
"doria","1"
"dost","14"
"dotard","1"
"dote","2"
"doth","21"
"doubl","4"
"doubli","6"
"doubt","7"
"dove","1"
"dower","4"
"down","22"
"downward","3"
"drachenfel","1"
"dracon","1"
"drag","1"
"dragon","2"
"drain","1"
"draught","2"
"draw","5"
"drawn","1"
"dread","19"
"dream","23"
"dreamer","1"
"drear","2"
"dreari","1"
"dreg","1"
"drest","1"
"drew","4"
"dri","5"
"drill","1"
"drink","3"
"drip","1"
"drive","2"
"driven","3"
"droop","4"
"drop","7"
"dross","1"
"drove","2"
"drowsi","1"
"drug","2"
"drum","3"
"drunk","3"
"dubious","3"
"ducal","1"
"due","1"
"duenna","1"
"dug","1"
"duke","2"
"dull","10"
"dullest","1"
"dumb","2"
"dun","2"
"dungeon","2"
"duranc","1"
"dusk","1"
"duski","3"
"dust","29"
"duti","1"
"dwarfish","1"
"dwell","29"
"dweller","1"
"dwelt","12"
"dwindl","1"
"dy","2"
"dye","4"
"each","47"
"eager","3"
"eagl","7"
"ear","10"
"earli","11"
"earlier","1"
"earliest","5"
"earn","1"
"earth","74"
"earthquak","4"
"eas","1"
"ease","1"
"easi","2"
"east","1"
"eat","3"
"eb","3"
"ebb","1"
"echo","13"
"eddi","2"
"eden","1"
"edg","3"
"edict","1"
"edific","1"
"ee","2"
"een","2"
"eer","3"
"effac","1"
"effort","1"
"egeria","2"
"egress","1"
"egypt","4"
"ehrenbreitstein","1"
"el","1"
"elat","2"
"eld","3"
"electr","2"
"eleg","1"
"element","8"
"eloqu","6"
"els","2"
"elysian","1"
"elysium","2"
"eman","1"
"emblem","1"
"embodi","1"
"embrac","2"
"embroid","1"
"embroideri","1"
"emerald","1"
"emperor","3"
"empir","13"
"empress","1"
"empris","1"
"empti","2"
"emul","1"
"en","3"
"enamour","2"
"encag","1"
"enchain","1"
"enchant","3"
"enchantment","1"
"encount","1"
"encrust","1"
"end","7"
"endear","4"
"endless","3"
"endow","1"
"ends","1"
"endu","2"
"endur","7"
"endure","1"
"enemi","3"
"energi","1"
"enforc","2"
"engag","1"
"engin","1"
"england","2"
"enjoy","2"
"enlarg","1"
"enlighten","2"
"enmiti","1"
"ennobl","1"
"enorm","2"
"enormous","1"
"enough","14"
"enshrin","1"
"enslav","4"
"entail","1"
"enter","1"
"entere","1"
"entereth","1"
"enthral","4"
"entrail","1"
"entrust","2"
"entwin","1"
"envenom","2"
"envi","7"
"envious","2"
"epaminonda","1"
"ephesian","1"
"epic","1"
"epirus","1"
"epitaph","1"
"er","30"
"erarch","1"
"eras","1"
"ere","24"
"erect","2"
"eremit","2"
"erlook","2"
"eros","1"
"err","3"
"escap","1"
"espi","1"
"espous","1"
"essay","3"
"essenc","2"
"essential","1"
"estat","2"
"este","1"
"esteem","1"
"etern","12"
"eternal","1"
"eterniti","4"
"ether","2"
"etrurian","1"
"etruscan","1"
"eunuch","1"
"eureka","1"
"europ","6"
"eurota","1"
"euxin","1"
"evan","1"
"eve","8"
"even","44"
"event","1"
"ever","51"
"everblaz","1"
"evergreen","1"
"everi","21"
"evermor","2"
"evil","5"
"exalt","1"
"exampl","1"
"except","1"
"exchang","1"
"excit","1"
"execr","1"
"exhal","1"
"exhaust","1"
"exhaustless","2"
"exil","5"
"exist","5"
"existenc","2"
"existent","1"
"exorc","1"
"expand","7"
"expans","1"
"expect","1"
"expel","1"
"experi","1"
"expir","6"
"explor","1"
"express","5"
"extend","8"
"extinguish","1"
"extreme","1"
"exult","2"
"eye","85"
"eyeless","1"
"eyelid","1"
"fabl","6"
"fabric","1"
"face","18"
"faction","3"
"faculti","1"
"fade","7"
"fail","10"
"fain","5"
"faint","3"
"fair","44"
"fairest","1"
"fairi","7"
"faith","2"
"falchion","1"
"falcon","3"
"fall","37"
"fallen","3"
"fallth","1"
"fals","7"
"falsest","1"
"fame","29"
"familiar","2"
"famish","1"
"famous","1"
"fan","2"
"fanci","5"
"fandango","1"
"fane","3"
"fang","1"
"fantast","2"
"far","50"
"fardel","1"
"fare","3"
"farewel","8"
"farm","1"
"farther","1"
"fascin","1"
"fast","7"
"fatal","9"
"fate","22"
"father","11"
"fathomless","1"
"fault","4"
"favour","3"
"favourit","4"
"fear","15"
"fearless","1"
"feast","5"
"feat","2"
"featur","2"
"fed","2"
"feebl","5"
"feebler","1"
"feeblest","1"
"feebli","1"
"feed","6"
"feel","46"
"feer","2"
"feet","8"
"feign","4"
"fell","9"
"fellest","1"
"fellow","5"
"fellown","1"
"felt","18"
"femal","6"
"fenc","2"
"fern","1"
"ferney","1"
"ferrara","1"
"fertil","4"
"fertilis","1"
"fervent","1"
"festal","1"
"festiv","2"
"fetter","3"
"feud","5"
"feudal","1"
"fever","4"
"few","17"
"fickl","2"
"fiction","2"
"field","16"
"fiend","2"
"fierc","11"
"fiercer","1"
"fiercest","1"
"fieri","5"
"fierier","1"
"fifth","1"
"fight","11"
"file","4"
"filial","1"
"fill","16"
"filthili","1"
"find","21"
"finger","4"
"finni","1"
"fir","1"
"fire","20"
"firm","7"
"first","22"
"fit","14"
"fittest","1"
"fix","11"
"flag","1"
"flake","1"
"flame","15"
"flank","1"
"flap","1"
"flash","14"
"flatter","5"
"flatteri","1"
"flaunt","2"
"fled","5"
"flee","10"
"fleec","1"
"fleesh","1"
"fleet","6"
"fleetest","1"
"flesh","1"
"flew","4"
"fli","21"
"flicker","1"
"flight","5"
"fling","6"
"flit","2"
"float","6"
"flock","5"
"flood","2"
"florenc","4"
"florentin","1"
"florid","1"
"flout","1"
"flow","18"
"flower","13"
"flung","3"
"flush","1"
"flutter","2"
"foam","12"
"foe","31"
"foeman","1"
"foemen","3"
"foil","4"
"fold","3"
"foliag","2"
"folk","1"
"folli","3"
"follow","10"
"fond","16"
"food","2"
"fool","8"
"fooleri","1"
"foolish","2"
"foolscap","1"
"foot","5"
"footstep","2"
"footstool","1"
"for","220"
"forbear","1"
"forbid","2"
"forbidden","1"
"forbod","1"
"forbor","3"
"forc","5"
"forego","2"
"foreign","7"
"foremost","1"
"forese","2"
"forest","11"
"forget","16"
"forgiv","3"
"forgiven","4"
"forgot","6"
"forgotten","4"
"fork","1"
"form","39"
"former","6"
"formest","1"
"forsak","4"
"forsook","1"
"fort","1"
"forth","27"
"fortress","3"
"fortun","7"
"forum","2"
"forward","1"
"foss","1"
"foster","1"
"fought","2"
"foul","3"
"found","18"
"foundat","3"
"founder","3"
"fount","4"
"fountain","7"
"four","4"
"fragil","1"
"fragment","3"
"fragranc","2"
"fragrant","1"
"frail","4"
"frailti","2"
"frame","7"
"franc","5"
"frank","4"
"fraught","1"
"fray","3"
"free","25"
"freeborn","3"
"freed","2"
"freedom","18"
"freeth","1"
"french","1"
"frenzi","5"
"frequent","2"
"freresillsort","1"
"fresco","1"
"fresh","18"
"freshen","1"
"fresher","2"
"fret","2"
"fri","1"
"friend","22"
"friendless","1"
"friendship","3"
"frigat","1"
"friuli","1"
"fro","2"
"frolic","1"
"from","237"
"front","3"
"froward","1"
"frown","5"
"frugal","1"
"fruit","13"
"fruitless","2"
"ful","3"
"full","17"
"funer","1"
"furi","2"
"furious","1"
"furnish","2"
"furrow","3"
"further","4"
"futur","7"
"fytt","1"
"gaili","1"
"gain","6"
"gainsay","1"
"gainst","10"
"gale","10"
"galileo","1"
"gall","2"
"gallant","8"
"galleri","3"
"galley","1"
"gallic","2"
"game","2"
"gamesom","1"
"gap","2"
"gape","5"
"garb","1"
"garden","1"
"garland","4"
"garment","5"
"garnish","1"
"gash","1"
"gasp","4"
"gate","4"
"gather","15"
"gaudi","2"
"gaul","7"
"gave","7"
"gay","8"
"gaze","34"
"gazer","1"
"gem","3"
"general","1"
"generat","1"
"generous","2"
"genial","2"
"genius","5"
"gentl","21"
"gentlest","2"
"gestur","1"
"gewgaw","1"
"ghast","3"
"ghost","2"
"giant","8"
"giaour","3"
"gibe","1"
"giddi","1"
"gift","5"
"gig","1"
"gigant","2"
"gild","5"
"gird","1"
"girdl","2"
"girl","3"
"girt","4"
"give","10"
"given","7"
"glacier","2"
"glad","8"
"gladden","1"
"glade","1"
"gladiat","2"
"glaiv","2"
"glanc","8"
"glare","6"
"glass","6"
"glassi","5"
"gleam","4"
"glean","1"
"glee","3"
"glen","7"
"glide","6"
"glimmer","1"
"glisten","2"
"glitter","6"
"gloat","1"
"globe","2"
"gloom","8"
"gloomi","1"
"glori","30"
"glorifi","1"
"glorious","16"
"glow","21"
"glut","1"
"gnash","1"
"go","12"
"goal","4"
"goat","1"
"goblet","1"
"god","30"
"goddess","6"
"godlik","1"
"godoy","1"
"goe","1"
"goest","1"
"gold","6"
"golden","3"
"gondoli","1"
"gone","12"
"good","15"
"gore","5"
"gorefac","1"
"gorgeous","1"
"gorgon","1"
"gori","1"
"got","2"
"goth","4"
"gothic","2"
"govern","1"
"grace","5"
"gradual","2"
"graduat","1"
"grand","2"
"grande","1"
"grandeur","3"
"granit","2"
"grasp","3"
"grass","4"
"grasshopp","1"
"grassi","2"
"grate","1"
"gratitud","1"
"grave","21"
"graven","1"
"gray","1"
"graze","1"
"great","22"
"greatest","3"
"grecian","3"
"greec","12"
"greek","7"
"green","15"
"greenest","1"
"greensward","1"
"greet","9"
"grew","5"
"grey","11"
"grief","15"
"griev","6"
"grievanc","1"
"gripe","1"
"groan","5"
"grot","1"
"ground","17"
"group","2"
"grove","6"
"grow","18"
"grown","10"
"growth","5"
"grudg","1"
"guadiana","1"
"guard","7"
"guardian","1"
"guerdon","1"
"guess","1"
"guest","7"
"guid","4"
"guidanc","1"
"guileless","1"
"guilt","1"
"guis","3"
"guitar","1"
"gulf","5"
"gull","1"
"gulp","1"
"gum","1"
"gun","3"
"gush","3"
"habit","1"
"habitu","1"
"hackney","1"
"had","83"
"hade","2"
"hadrian","1"
"hadst","4"
"hafiz","1"
"hail","9"
"hair","3"
"half","13"
"hall","14"
"hallow","8"
"halo","2"
"halt","1"
"hamlet","2"
"hampstead","1"
"hand","50"
"hang","4"
"hapless","1"
"hapli","3"
"happi","12"
"happier","7"
"happiest","1"
"happili","1"
"hard","7"
"hardihood","1"
"harem","2"
"hark","8"
"harlot","1"
"harm","1"
"harmless","4"
"harmodius","1"
"harmoni","4"
"harmonis","2"
"harold","27"
"harp","3"
"harpi","1"
"harrow","1"
"harsh","1"
"harvest","1"
"has","15"
"hast","8"
"hasti","1"
"hate","16"
"hath","71"
"hatr","1"
"haughti","2"
"haughtiest","1"
"haul","1"
"haunt","7"
"have","123"
"haven","1"
"havoc","2"
"he","232"
"head","14"
"headland","1"
"headlong","1"
"heal","4"
"healer","1"
"health","2"
"heap","6"
"hear","15"
"heard","14"
"hearer","1"
"heart","82"
"hearth","3"
"heartless","1"
"heartsto","1"
"heat","4"
"heath","1"
"heav","6"
"heaven","41"
"heavi","6"
"heavier","1"
"heaviest","1"
"heavili","1"
"hebrew","1"
"hecat","1"
"hectic","1"
"hed","1"
"heed","3"
"heedless","2"
"height","12"
"heir","1"
"held","2"
"hell","11"
"hella","2"
"helot","1"
"help","2"
"helpless","1"
"henc","2"
"henceforth","1"
"her","242"
"herald","1"
"herd","4"
"here","91"
"hereaftereven","1"
"hereditari","2"
"heretofor","1"
"heritag","2"
"hero","8"
"heroic","3"
"herself","2"
"hesperus","1"
"hew","1"
"hid","4"
"hideous","2"
"hie","1"
"high","35"
"higher","2"
"highfrom","1"
"highgat","1"
"hight","2"
"hill","28"
"hillock","1"
"him","82"
"himnot","1"
"himself","12"
"hind","1"
"hirel","1"
"his","364"
"hispania","1"
"hiss","2"
"histor","2"
"histori","3"
"historian","1"
"hither","6"
"hive","1"
"hoar","3"
"hoard","2"
"hoari","3"
"hoars","2"
"hold","7"
"hole","1"
"holi","14"
"holiday","2"
"holier","2"
"holiest","2"
"hollow","3"
"holster","1"
"homag","6"
"home","19"
"homili","1"
"honest","2"
"honey","2"
"honorius","1"
"honour","12"
"hoof","2"
"hoofmark","1"
"hope","39"
"hopeless","3"
"horac","1"
"hord","3"
"horizon","1"
"horizonbound","1"
"horn","3"
"horribl","1"
"horrid","3"
"horror","1"
"hors","5"
"horsetail","1"
"host","15"
"hostil","2"
"hot","6"
"hotlier","1"
"hour","35"
"houri","1"
"hous","3"
"household","1"
"hover","3"
"how","53"
"howard","1"
"howev","4"
"howl","6"
"howsoev","1"
"hu","1"
"hue","14"
"hug","1"
"huge","3"
"hulk","1"
"hull","1"
"hum","4"
"human","16"
"humbl","5"
"humbler","1"
"humblest","3"
"hundr","4"
"hung","1"
"hurl","4"
"hurri","1"
"husband","1"
"hush","4"
"hut","2"
"hyaena","2"
"hymettus","1"
"hymn","3"
"i","212"
"ici","2"
"icing","1"
"ida","1"
"ideal","4"
"idl","8"
"idless","2"
"idli","1"
"idol","5"
"idolat","1"
"idolatri","1"
"if","77"
"ignobl","3"
"ignor","1"
"ignoranc","1"
"ilion","1"
"ill","11"
"illtim","1"
"illum","2"
"illyria","1"
"illyrian","1"
"im","2"
"imag","9"
"imagin","1"
"imbrown","1"
"imbu","4"
"imit","1"
"immacul","1"
"immedi","2"
"immedic","2"
"immens","2"
"immort","21"
"immortal","2"
"impair","1"
"impart","2"
"impati","1"
"imped","1"
"impel","1"
"impenetr","1"
"imperi","7"
"imperial","3"
"imperish","1"
"impetu","1"
"impious","2"
"implore","1"
"impregn","2"
"impress","1"
"improv","1"
"in","539"
"inadequ","1"
"inanim","1"
"inborn","2"
"incens","3"
"incess","1"
"inclin","2"
"increas","2"
"incur","1"
"inde","2"
"indec","1"
"inert","1"
"inevit","1"
"infam","1"
"infanc","2"
"infant","4"
"infect","1"
"infern","1"
"infinit","1"
"inflict","1"
"inform","1"
"infus","2"
"inglori","3"
"inhabit","1"
"inhal","2"
"inherit","1"
"inhuman","1"
"injur","1"
"inland","1"
"inmat","1"
"innat","2"
"innoc","2"
"insens","1"
"inspir","4"
"instil","4"
"instinct","1"
"instrument","1"
"insul","1"
"insult","1"
"intemper","1"
"intens","3"
"intent","2"
"intercept","1"
"interchang","1"
"interpos","1"
"interrupt","1"
"interv","1"
"interven","2"
"interview","1"
"into","27"
"intrud","2"
"invad","1"
"invest","1"
"inveter","1"
"inveteraci","1"
"invinc","1"
"inviol","1"
"invis","1"
"invisibl","2"
"invit","3"
"invulner","1"
"ionian","1"
"ire","1"
"iris","3"
"iron","7"
"ironi","1"
"irrevoc","1"
"is","278"
"iskander","1"
"isl","5"
"island","2"
"isles","1"
"it","304"
"itali","5"
"italia","4"
"italian","1"
"its","20"
"itself","19"
"ivi","6"
"jackal","1"
"jade","1"
"janus","1"
"jar","3"
"jargon","1"
"jasper","1"
"jealous","1"
"jealousi","1"
"jest","1"
"jesus","1"
"jet","1"
"jingl","1"
"jocund","3"
"join","6"
"journey","2"
"jove","4"
"joy","31"
"joyaunc","2"
"joyless","1"
"joyous","1"
"jubile","1"
"judg","2"
"judgment","3"
"juli","1"
"julia","1"
"jungfrau","1"
"jura","2"
"just","9"
"justic","1"
"keel","2"
"keen","6"
"keep","11"
"ken","3"
"kept","4"
"key","1"
"keyston","1"
"kibe","1"
"kill","1"
"kind","13"
"kinder","2"
"kindest","1"
"kindl","2"
"kindr","5"
"king","11"
"kingdom","4"
"kingless","1"
"kirtl","2"
"kiss","9"
"knee","6"
"knell","2"
"knelt","2"
"knew","9"
"knife","5"
"knight","3"
"knoll","1"
"knot","1"
"know","38"
"knowledg","4"
"known","14"
"knowt","2"
"labour","5"
"labyrinth","1"
"lacedaemon","1"
"lack","2"
"lad","2"
"ladi","6"
"lady","1"
"lag","1"
"laid","10"
"lair","2"
"lake","12"
"lamb","1"
"lament","2"
"lamp","4"
"lanc","7"
"land","45"
"landgood","2"
"landscap","1"
"languag","3"
"languid","2"
"languor","1"
"lao","1"
"laocoon","1"
"lap","4"
"larg","2"
"larum","3"
"lash","1"
"last","39"
"late","11"
"latent","1"
"later","2"
"latest","2"
"lath","1"
"latian","2"
"latter","1"
"laud","1"
"laugh","8"
"laughter","2"
"laura","1"
"laureat","1"
"laurel","6"
"lausann","1"
"lauwin","2"
"lava","1"
"lave","5"
"lavish","1"
"law","7"
"lawless","2"
"lay","25"
"lazi","1"
"lead","6"
"leader","1"
"leaf","4"
"leafi","1"
"leagu","5"
"lean","5"
"leant","2"
"leap","11"
"learn","15"
"least","9"
"leav","29"
"led","5"
"left","17"
"legend","1"
"legion","4"
"leman","4"
"lend","1"
"length","8"
"lengthen","2"
"lent","1"
"lenten","1"
"lepanto","2"
"lesbian","1"
"less","28"
"lessen","3"
"lesser","1"
"lesson","6"
"lest","6"
"let","48"
"leth","2"
"leucadia","2"
"level","3"
"leviathan","1"
"lewd","1"
"liberti","2"
"licenti","1"
"lick","1"
"lid","1"
"lie","15"
"lieu","1"
"lieuten","1"
"life","63"
"lifeabhor","1"
"lifeench","1"
"lifeth","1"
"lift","6"
"light","33"
"lighter","1"
"lightlimb","1"
"lightn","9"
"lightpois","1"
"lightsom","2"
"like","73"
"lili","2"
"limb","4"
"line","8"
"lineag","1"
"lineament","1"
"linger","9"
"link","8"
"lion","4"
"lip","9"
"lisboa","1"
"list","4"
"listen","3"
"listeneth","1"
"listless","1"
"lit","2"
"littl","26"
"live","33"
"liveli","1"
"livi","1"
"lizard","1"
"lo","12"
"load","2"
"loath","7"
"lochiel","1"
"lock","4"
"locust","1"
"lofti","5"
"loftier","4"
"loftiest","4"
"log","1"
"loiter","3"
"london","1"
"lone","20"
"loneli","2"
"long","62"
"longdesert","1"
"longer","2"
"longest","1"
"look","37"
"loop","1"
"loosen","1"
"lord","16"
"lordl","1"
"lore","4"
"lose","4"
"losel","1"
"loss","2"
"lost","21"
"lot","9"
"loth","1"
"loud","15"
"louder","1"
"loudest","1"
"lour","1"
"love","131"
"loveless","1"
"loveli","3"
"loveliest","3"
"lover","9"
"loverlov","1"
"low","14"
"lower","2"
"lowest","1"
"lowli","3"
"loyalti","1"
"luckless","1"
"lull","2"
"lunar","1"
"lure","3"
"lurk","10"
"lusian","4"
"lusitania","2"
"lust","2"
"lusti","2"
"lustr","2"
"luxuri","5"
"lxxxv","1"
"lxxxvi","1"
"lxxxvii","1"
"lyre","5"
"lyric","2"
"macedon","1"
"macedonia","1"
"machiavelli","1"
"mad","9"
"madden","1"
"maddest","2"
"made","32"
"madmen","1"
"mafra","1"
"magazin","1"
"magic","8"
"magnific","1"
"mahomet","1"
"maid","14"
"maiden","1"
"mail","2"
"main","3"
"maintain","1"
"majest","4"
"majesti","5"
"make","40"
"maker","2"
"malic","1"
"mammon","1"
"man","68"
"mane","1"
"mangl","1"
"manhood","1"
"mani","56"
"maniac","1"
"mankind","7"
"mansion","1"
"mantl","6"
"manywind","1"
"map","1"
"mar","4"
"marathon","3"
"maraud","1"
"marbl","13"
"marceau","1"
"march","1"
"margin","3"
"marialva","1"
"marin","2"
"mark","19"
"marriag","2"
"marshal","1"
"mart","2"
"martial","2"
"martyr","2"
"marvel","12"
"mask","2"
"masqu","1"
"masquerad","1"
"mass","9"
"massi","2"
"mast","3"
"master","5"
"mat","1"
"matador","2"
"match","5"
"matchless","2"
"mate","2"
"matern","2"
"matin","1"
"matron","2"
"matter","3"
"matur","1"
"mauritania","1"
"mausoleum","1"
"maw","2"
"may","78"
"mayst","3"
"maze","2"
"me","95"
"mean","1"
"meaner","4"
"meanest","1"
"meantim","2"
"measur","2"
"mede","1"
"medit","8"
"medium","1"
"meed","1"
"meek","4"
"meet","18"
"megara","1"
"melancholi","3"
"mellow","2"
"melodi","3"
"melt","8"
"memor","1"
"memori","10"
"men","45"
"menac","1"
"mend","1"
"menial","1"
"mention","1"
"mentor","1"
"merchant","1"
"merci","3"
"mere","2"
"merit","3"
"merri","4"
"merrili","1"
"merriment","2"
"met","2"
"meta","1"
"metella","1"
"meteor","3"
"methink","1"
"mid","5"
"middl","1"
"midland","1"
"midmost","1"
"midnight","9"
"midshipman","1"
"midst","6"
"mien","3"
"might","34"
"mighti","19"
"mightier","3"
"mightiest","7"
"mightst","2"
"mild","2"
"milder","1"
"milk","3"
"milki","1"
"milkwhit","1"
"million","5"
"mimic","3"
"mimick","1"
"minaret","3"
"mind","51"
"mine","29"
"miner","1"
"minerva","2"
"mingl","15"
"minion","2"
"minist","1"
"minstrel","4"
"miracl","1"
"mirag","1"
"mirror","6"
"mirth","8"
"misanthrop","1"
"mischief","1"
"miscreat","1"
"miser","1"
"miseri","3"
"miss","2"
"misspent","1"
"mist","2"
"misti","1"
"mistook","1"
"mix","8"
"moan","2"
"mock","5"
"mockeri","2"
"mode","1"
"model","3"
"modern","3"
"moe","1"
"mole","1"
"molest","1"
"moment","16"
"momentari","1"
"monarch","8"
"monarchi","1"
"monast","2"
"monk","2"
"monkish","1"
"monotoni","1"
"monster","1"
"mont","1"
"monument","7"
"mood","6"
"moodi","1"
"moon","4"
"moonbeam","2"
"moonstruck","1"
"moor","4"
"moorish","2"
"mope","1"
"moral","6"
"moralis","1"
"moralist","1"
"morat","2"
"more","115"
"morena","1"
"morn","19"
"morrow","1"
"mortal","28"
"moslem","4"
"mosqu","1"
"moss","2"
"mossi","1"
"most","34"
"mote","3"
"moth","1"
"mother","20"
"mothernot","1"
"motion","3"
"motley","2"
"mould","6"
"moulder","6"
"mouldeth","1"
"mound","4"
"mount","10"
"mountain","54"
"mountainhowitz","1"
"mountainstream","1"
"mourn","15"
"mourner","3"
"mouth","1"
"move","9"
"movest","1"
"mow","1"
"much","19"
"muchtar","1"
"muezzin","1"
"mulet","1"
"multipli","3"
"murder","4"
"murkier","1"
"murmur","7"
"muscovit","2"
"muse","9"
"music","11"
"must","49"
"muster","1"
"mutabl","1"
"mute","4"
"mutil","1"
"mutual","2"
"my","125"
"myriad","1"
"myrtl","1"
"myself","2"
"mysteri","3"
"mystic","2"
"n","3"
"nake","3"
"naked","1"
"name","43"
"nameless","2"
"namesak","1"
"narrow","3"
"nation","29"
"nativ","16"
"natur","39"
"naught","1"
"naval","1"
"navel","1"
"nay","2"
"ne","4"
"near","23"
"nearer","1"
"nearest","1"
"necess","1"
"neck","3"
"nectar","1"
"need","7"
"neer","2"
"neglect","1"
"neglig","1"
"neither","1"
"nemesi","2"
"nemi","1"
"nerv","1"
"nerveless","1"
"nest","4"
"net","1"
"never","43"
"nevervac","1"
"new","18"
"next","1"
"nich","1"
"niggard","1"
"nigh","4"
"night","35"
"nightwind","1"
"nile","2"
"nimbl","2"
"nine","2"
"niob","1"
"nip","2"
"no","105"
"nobil","1"
"nobl","4"
"nobler","5"
"noblest","3"
"nobli","1"
"nod","4"
"nois","1"
"noiseless","1"
"none","30"
"nook","1"
"noon","3"
"noontid","1"
"nor","128"
"north","3"
"northern","1"
"nostril","1"
"not","291"
"note","7"
"noth","14"
"notic","1"
"nought","8"
"nourish","2"
"now","106"
"nubia","1"
"numa","1"
"number","3"
"numer","1"
"nurs","7"
"nurst","1"
"nurtur","4"
"nymph","3"
"nympholepsi","1"
"o","43"
"oak","3"
"oar","3"
"oath","1"
"obey","3"
"object","5"
"obliter","1"
"oblivion","3"
"obloquy","1"
"ocean","21"
"octogenarian","1"
"odor","1"
"odour","1"
"of","924"
"off","2"
"offer","9"
"offere","1"
"offic","1"
"oft","18"
"often","1"
"ofttim","2"
"ogl","1"
"oh","27"
"oil","1"
"old","24"
"olden","2"
"oliv","1"
"olivebranch","1"
"olympus","1"
"omin","1"
"omnipot","3"
"on","248"
"onc","34"
"once","6"
"one","84"
"onehors","1"
"onli","19"
"onnor","1"
"onward","6"
"ope","1"
"open","5"
"opinion","2"
"oppos","1"
"oppress","2"
"oppression","1"
"oppressor","1"
"or","176"
"oracl","4"
"orang","1"
"ordain","2"
"order","1"
"orest","1"
"orison","3"
"ornament","2"
"orphan","1"
"other","36"
"othman","1"
"ottomit","1"
"otway","1"
"ought","1"
"our","80"
"out","21"
"outlaw","2"
"outshin","2"
"outstrip","1"
"outward","1"
"oval","1"
"over","83"
"overboil","1"
"overcast","1"
"overcom","1"
"overflow","2"
"overgaz","1"
"overgrown","1"
"overleap","1"
"overmast","1"
"overpow","1"
"overstept","1"
"overstrung","1"
"overthrew","1"
"overthrow","2"
"overthrown","3"
"overween","1"
"overwhelm","3"
"overwrought","1"
"owe","1"
"owl","2"
"owlet","2"
"own","38"
"pace","1"
"page","17"
"pageant","4"
"paid","2"
"pain","9"
"paint","1"
"painter","1"
"palac","10"
"palatin","1"
"pale","10"
"paler","2"
"palikar","1"
"palisad","1"
"pall","2"
"palla","4"
"pallid","1"
"palpabl","1"
"paltri","4"
"pamper","1"
"pang","10"
"pant","3"
"pantheon","1"
"paphian","1"
"papho","1"
"paradis","4"
"parallel","1"
"paramour","1"
"parasit","1"
"parch","1"
"parchment","1"
"parent","7"
"parga","1"
"pari","1"
"parnassus","3"
"parricid","1"
"part","27"
"parta","1"
"partial","1"
"particl","1"
"partook","1"
"pasha","1"
"pass","42"
"passag","1"
"passer","1"
"passion","23"
"past","18"
"pasth","1"
"pastor","1"
"patch","1"
"path","12"
"pathless","1"
"patienc","2"
"patient","1"
"patriot","4"
"patron","1"
"paus","6"
"pauseth","1"
"pave","6"
"pavilion","1"
"pay","4"
"paynim","2"
"peac","17"
"peak","7"
"peal","4"
"peasant","5"
"peck","1"
"pedantri","1"
"pedestrian","1"
"peep","2"
"peer","1"
"pelagio","1"
"peleus","1"
"pen","3"
"penalti","1"
"penanc","2"
"pencil","2"
"pendulum","1"
"penelop","1"
"penit","1"
"pennant","1"
"pensiv","5"
"pent","1"
"peopl","10"
"perceiv","1"
"perchanc","12"
"perfect","2"
"perfidi","1"
"perforc","1"
"perhap","1"
"peril","5"
"perish","10"
"perman","1"
"permit","2"
"perpetu","2"
"persia","1"
"persian","2"
"person","1"
"personag","1"
"pervad","3"
"petrarch","3"
"petti","5"
"pettiest","1"
"phalanx","2"
"phantasi","5"
"phantom","4"
"phase","1"
"philanthropi","1"
"philip","1"
"philosoph","3"
"philosophi","2"
"phlegethon","1"
"phlegm","1"
"phoebus","1"
"phosphor","1"
"phyle","1"
"pibroch","1"
"pict","1"
"pictur","1"
"piecem","1"
"pierc","5"
"pierceth","1"
"pierr","1"
"pieti","1"
"pile","11"
"piledsweet","1"
"pilgrim","10"
"pilgrimag","4"
"pillar","6"
"pillow","1"
"pilot","1"
"pindus","2"
"pine","3"
"pinion","2"
"pinnacl","3"
"pious","1"
"pipe","3"
"piqu","2"
"piraeus","1"
"pirat","1"
"pitch","1"
"piti","4"
"pitiless","1"
"pizarro","1"
"place","19"
"placid","2"
"plagu","2"
"plain","24"
"plaint","1"
"plan","3"
"plank","1"
"plant","4"
"planter","1"
"play","10"
"playth","1"
"pleas","5"
"pleasant","3"
"pleasaunc","2"
"pleasur","15"
"plenteous","1"
"plenti","1"
"plod","4"
"plough","3"
"plumag","2"
"plume","1"
"plunder","5"
"plung","5"
"pluto","2"
"po","1"
"poesi","1"
"poet","4"
"poetic","1"
"poetri","2"
"point","5"
"pois","1"
"poison","4"
"pole","1"
"polici","1"
"polish","3"
"pollut","4"
"pomp","6"
"pompey","1"
"ponder","4"
"poniard","1"
"poor","6"
"popul","2"
"popular","1"
"porphyri","1"
"port","2"
"portal","2"
"portend","1"
"portion","3"
"possess","4"
"possest","1"
"post","1"
"poster","1"
"potent","2"
"pour","11"
"pout","1"
"power","27"
"prais","11"
"pranc","1"
"prate","3"
"prattl","1"
"pray","2"
"prayer","5"
"preced","1"
"precinct","1"
"precious","1"
"precipic","3"
"precipit","1"
"precis","1"
"predestin","1"
"prefer","2"
"prepar","6"
"prescrib","1"
"presenc","1"
"present","6"
"preserv","4"
"press","5"
"pressur","1"
"prest","1"
"pretend","1"
"pretext","1"
"prevail","1"
"previsa","1"
"prey","8"
"preybird","1"
"pri","1"
"prick","1"
"pride","20"
"priestess","1"
"priesthood","1"
"primal","1"
"prime","1"
"princ","5"
"print","1"
"prison","2"
"privat","1"
"prize","8"
"proceed","2"
"proclaim","3"
"proclaimeth","2"
"proffer","1"
"profound","1"
"profus","1"
"prohibit","1"
"project","1"
"prolong","3"
"prometheus","1"
"promis","7"
"promontori","1"
"prone","1"
"pronounc","1"
"proof","1"
"proper","1"
"prophet","8"
"proport","2"
"proscrib","1"
"prose","2"
"prospect","2"
"prosper","1"
"prostitut","1"
"prostrat","2"
"proteus","1"
"protract","2"
"proud","26"
"prove","3"
"provid","1"
"provinc","1"
"provok","1"
"prow","2"
"prowess","1"
"prowl","1"
"psalmist","1"
"psych","1"
"public","1"
"puls","1"
"punish","3"
"puppet","1"
"purchas","1"
"pure","6"
"purer","2"
"purest","1"
"purg","1"
"purifi","2"
"puriti","2"
"purpl","6"
"purpos","2"
"pursu","6"
"pursuit","1"
"put","2"
"pyramid","5"
"pyrene","1"
"pythian","2"
"quaf","2"
"quaff","1"
"quaint","1"
"quak","2"
"quarri","1"
"queen","12"
"quell","4"
"quench","1"
"quenchless","1"
"quest","1"
"quick","7"
"quiet","3"
"quir","1"
"quit","8"
"quito","1"
"quiver","1"
"quot","1"
"race","13"
"radcliff","1"
"radianc","1"
"radiant","1"
"rage","7"
"rail","1"
"rain","7"
"rainbow","3"
"rais","8"
"rake","2"
"ramazani","1"
"ran","1"
"rank","7"
"rankl","1"
"ransom","1"
"rapid","1"
"rapin","2"
"rapt","1"
"raptur","3"
"rare","8"
"rash","2"
"rather","3"
"rattl","2"
"ravag","3"
"rave","4"
"ravenna","1"
"raw","1"
"ray","14"
"re","1"
"reach","2"
"read","4"
"readi","3"
"real","1"
"realiti","1"
"realm","9"
"reanim","1"
"reap","8"
"reappear","1"
"rear","17"
"reascend","1"
"reason","6"
"reassum","1"
"rebeck","1"
"rebel","3"
"rebound","1"
"rebuild","2"
"rebuilt","1"
"rebuoy","1"
"recal","4"
"reced","4"
"receiv","2"
"recess","2"
"reck","3"
"reckless","3"
"reckon","1"
"reckt","1"
"reclaim","2"
"reclin","3"
"recoil","1"
"recollect","4"
"record","8"
"recount","1"
"recur","1"
"red","14"
"redder","1"
"redeem","5"
"redempt","2"
"redress","1"
"redund","1"
"reed","3"
"reek","4"
"reel","2"
"reev","1"
"refil","1"
"refit","1"
"reflect","3"
"reflow","1"
"reft","3"
"refug","7"
"regain","1"
"regard","2"
"regardless","1"
"region","3"
"regret","2"
"rehears","2"
"reign","9"
"rein","2"
"reject","1"
"rejoic","1"
"rejoin","1"
"relaps","1"
"relat","1"
"reli","1"
"relic","9"
"relief","2"
"religion","2"
"relish","1"
"reluct","4"
"remain","8"
"remaineth","2"
"rememb","4"
"remembr","3"
"remind","2"
"remnant","5"
"remors","2"
"remorseless","1"
"remot","6"
"remount","1"
"remov","4"
"rend","2"
"render","1"
"renew","8"
"renov","1"
"renown","1"
"rent","8"
"repaid","1"
"repair","4"
"repay","1"
"repeat","2"
"repent","3"
"repeopl","2"
"repin","1"
"replac","2"
"replenish","3"
"repli","1"
"repos","10"
"reproach","1"
"reprov","1"
"reptil","1"
"repugn","1"
"requiem","1"
"requir","1"
"research","2"
"resembl","1"
"reserv","2"
"resign","4"
"resolv","3"
"resort","2"
"respir","2"
"respons","1"
"rest","19"
"restless","4"
"restor","4"
"restraint","1"
"resum","4"
"resurrect","1"
"retain","1"
"retir","2"
"retiressh","1"
"retreat","1"
"retribut","3"
"retriev","1"
"retrospect","1"
"return","8"
"reveal","1"
"revel","12"
"revelri","2"
"rever","4"
"reveri","2"
"revers","1"
"reviv","3"
"revivifi","1"
"revolt","1"
"reward","3"
"rey","1"
"rhaetian","1"
"rhine","8"
"rhone","4"
"rhyme","1"
"rhymeth","1"
"rialto","1"
"rib","1"
"ribbon","1"
"rich","8"
"richer","1"
"richmond","1"
"ride","5"
"rider","2"
"ridg","1"
"ridicul","1"
"rienzi","1"
"rife","3"
"rifl","2"
"right","14"
"rill","4"
"rind","1"
"ring","2"
"ringlet","1"
"riot","2"
"ripe","2"
"ripen","1"
"rippl","3"
"rise","30"
"riseth","1"
"rite","2"
"rival","4"
"rive","1"
"riven","2"
"river","10"
"rivet","1"
"road","2"
"roam","8"
"roar","16"
"robber","4"
"robe","7"
"rock","29"
"rocki","3"
"rod","3"
"roguish","1"
"roll","23"
"rollest","1"
"roman","15"
"romanc","2"
"romant","2"
"rome","24"
"roof","6"
"room","2"
"root","9"
"rosari","1"
"rose","15"
"rosi","2"
"rot","6"
"rotambit","1"
"rough","2"
"round","24"
"roundelay","1"
"rous","6"
"rousseau","2"
"rove","3"
"row","3"
"royal","2"
"rude","10"
"rudecarv","1"
"rue","1"
"ruffl","1"
"rug","2"
"ruin","22"
"rule","3"
"ruler","2"
"run","6"
"rung","1"
"rush","9"
"rust","2"
"rustic","3"
"rustl","1"
"ruth","1"
"sabbath","1"
"sabin","1"
"sabl","3"
"sabr","5"
"sacerdot","1"
"sackcloth","2"
"sacr","11"
"sacrif","1"
"sacrific","2"
"sad","16"
"sadden","3"
"sadder","1"
"saddest","1"
"sadduce","1"
"safer","1"
"safeti","2"
"sage","10"
"sager","1"
"sagest","1"
"said","5"
"sail","12"
"sailer","1"
"sailor","2"
"saint","4"
"saintship","1"
"saith","1"
"sake","5"
"salli","1"
"same","22"
"samian","1"
"sanctifi","1"
"sanctuari","4"
"sand","5"
"sandal","1"
"sang","2"
"sanguin","1"
"sanguinetto","1"
"sank","1"
"santa","2"
"santon","1"
"sap","3"
"sappho","1"
"saragoza","1"
"sarcophagus","1"
"sate","8"
"satieti","2"
"satirist","1"
"satt","1"
"saturn","1"
"saturnalia","1"
"saunter","1"
"savag","5"
"save","33"
"saw","23"
"saxon","2"
"say","9"
"scale","4"
"scallop","1"
"scalp","1"
"scan","2"
"scanti","2"
"scar","2"
"scarc","20"
"scare","1"
"scarf","3"
"scarv","1"
"scath","1"
"scatter","11"
"scene","36"
"sceptr","4"
"scheme","3"
"schiller","1"
"school","1"
"schoolboy","2"
"scimitar","3"
"scion","1"
"scipio","2"
"scof","2"
"scoff","1"
"scope","1"
"scorch","4"
"scorcheth","1"
"scorn","7"
"scorpion","1"
"scott","1"
"scourg","2"
"scourger","1"
"scream","1"
"screen","1"
"scribbl","1"
"scroll","1"
"scud","1"
"sculptor","1"
"sculptur","1"
"scyth","3"
"sea","25"
"seal","4"
"seaman","1"
"seamew","1"
"sear","1"
"search","2"
"searment","1"
"season","3"
"seat","7"
"seawe","1"
"second","3"
"secret","7"
"sect","1"
"secur","3"
"sedat","1"
"see","38"
"seed","4"
"seek","20"
"seem","39"
"seen","21"
"seest","1"
"seiz","5"
"select","1"
"self","11"
"selfish","2"
"selictar","1"
"semblanc","2"
"senat","3"
"send","4"
"sens","6"
"sent","1"
"sentinel","1"
"separ","2"
"sepulchr","8"
"serai","1"
"seraph","2"
"seren","7"
"serv","2"
"servil","1"
"set","6"
"settl","2"
"seven","1"
"seventh","1"
"sever","3"
"sevill","1"
"sevilla","1"
"shade","13"
"shadi","2"
"shadow","14"
"shaft","4"
"shaftless","1"
"shaggi","4"
"shake","13"
"shaken","1"
"shakspear","1"
"shall","100"
"shallow","2"
"shalt","6"
"shame","14"
"shameless","1"
"shape","9"
"share","11"
"sharer","1"
"sharp","3"
"shatter","7"
"shawl","1"
"she","66"
"sheath","4"
"shed","9"
"sheen","6"
"sheet","2"
"shell","3"
"shelter","2"
"shent","1"
"shepherd","5"
"shi","1"
"shield","3"
"shine","13"
"ship","2"
"shirt","1"
"shiver","4"
"shock","11"
"shone","4"
"shook","2"
"shoon","1"
"shore","43"
"shorn","1"
"short","3"
"shot","1"
"should","45"
"shouldst","2"
"shout","4"
"show","13"
"shower","6"
"shown","1"
"shrank","2"
"shredless","1"
"shriek","4"
"shrill","3"
"shrine","19"
"shrink","9"
"shrive","2"
"shroud","5"
"shrub","1"
"shrug","1"
"shrunk","2"
"shrunken","1"
"shun","5"
"shut","3"
"shylock","1"
"sick","3"
"sicken","3"
"sickl","1"
"side","13"
"sierra","1"
"sigh","26"
"sight","18"
"sign","1"
"signal","2"
"signatur","1"
"signific","1"
"silenc","8"
"silent","11"
"silver","3"
"simpl","5"
"simpler","1"
"sin","4"
"sinc","18"
"sincer","1"
"sing","9"
"singl","4"
"sink","18"
"sinkssh","1"
"sir","2"
"sire","9"
"siren","1"
"siroc","1"
"sister","7"
"sit","8"
"site","4"
"size","1"
"skeleton","2"
"ski","1"
"skil","2"
"skill","9"
"skim","1"
"skulk","1"
"skull","2"
"sky","26"
"slab","1"
"slacken","1"
"slain","4"
"slainsh","1"
"slake","1"
"slaughter","7"
"slave","18"
"slaveri","1"
"slavesth","1"
"slavish","2"
"sleep","14"
"sleepless","3"
"slept","2"
"slight","2"
"slime","1"
"slope","3"
"slow","5"
"slower","1"
"slowli","6"
"sluggard","1"
"sluggish","2"
"slumber","4"
"small","6"
"smile","29"
"smiling","1"
"smoke","4"
"smooth","5"
"smoother","2"
"smote","1"
"smug","1"
"snake","1"
"snare","2"
"snatch","2"
"sneer","3"
"snow","7"
"snowclad","1"
"snowi","6"
"snuff","1"
"so","96"
"soar","7"
"sober","1"
"social","1"
"societi","2"
"soever","1"
"soft","21"
"soften","1"
"softer","2"
"soil","7"
"sojourn","3"
"solac","1"
"soldier","5"
"sole","5"
"solemn","9"
"solitari","6"
"solitud","8"
"sombr","2"
"some","57"
"someth","6"
"sometim","1"
"son","26"
"song","22"
"songless","1"
"soon","13"
"sooth","16"
"sootheth","1"
"sophia","2"
"sophist","6"
"sophistri","1"
"soract","2"
"sore","6"
"sorrow","11"
"sought","18"
"soul","47"
"soulhaunt","1"
"sound","21"
"sourc","5"
"southern","1"
"sovereign","4"
"sovereignti","1"
"sown","2"
"space","3"
"spacious","2"
"spain","15"
"spake","3"
"span","4"
"spaniard","1"
"spanish","6"
"spare","8"
"spark","1"
"sparkl","8"
"spartan","1"
"speak","9"
"spear","2"
"spectr","2"
"specul","1"
"sped","2"
"speech","1"
"speechless","2"
"speed","3"
"spell","6"
"spent","1"
"sphere","2"
"spill","1"
"spilt","1"
"spine","1"
"spire","1"
"spirit","32"
"splendid","3"
"splendour","6"
"spoil","12"
"spoiler","5"
"spoke","1"
"sport","2"
"spot","19"
"spous","1"
"spouseless","1"
"spout","1"
"spray","2"
"spread","12"
"spring","20"
"sprinkl","2"
"spruce","1"
"sprung","5"
"spur","2"
"spurn","6"
"squadron","1"
"st","5"
"stagger","1"
"staid","1"
"stain","4"
"stainless","2"
"stalk","3"
"stamboul","1"
"stamp","4"
"stand","30"
"standard","2"
"standest","2"
"star","24"
"stare","2"
"starlight","1"
"starlik","1"
"starri","3"
"start","4"
"startl","1"
"startsdisdain","1"
"state","12"
"statesmen","1"
"station","2"
"statu","5"
"staunch","1"
"stay","1"
"steadi","1"
"steal","3"
"steam","1"
"steed","11"
"steel","5"
"steep","10"
"steepi","1"
"steepli","1"
"steer","6"
"stem","2"
"step","12"
"steril","1"
"stern","19"
"sti","1"
"stifl","1"
"still","98"
"stillest","1"
"sting","3"
"stir","8"
"stole","2"
"stone","7"
"stoni","1"
"stood","13"
"stoop","1"
"stop","4"
"stopsh","1"
"store","4"
"stori","2"
"storm","13"
"stow","1"
"strain","13"
"strait","2"
"strand","1"
"strang","16"
"stranger","12"
"strangertre","1"
"stray","3"
"streak","1"
"stream","26"
"streamlet","1"
"street","4"
"strength","15"
"stretch","3"
"strew","5"
"stricken","1"
"strict","1"
"strife","7"
"strike","7"
"string","3"
"strive","3"
"stroke","3"
"strong","8"
"stronger","3"
"strown","1"
"struck","1"
"structur","3"
"struggl","5"
"stubborn","1"
"studious","1"
"stumbl","2"
"stung","1"
"stygian","2"
"style","1"
"su","3"
"suabian","1"
"subdu","6"
"subject","5"
"sublim","9"
"submiss","3"
"submit","2"
"substanc","1"
"substanti","1"
"subterranean","1"
"subtl","1"
"subtler","1"
"suburb","1"
"succeed","2"
"success","2"
"such","104"
"suck","1"
"sudden","3"
"sue","1"
"suffer","12"
"suffic","1"
"suffici","1"
"suit","5"
"suli","2"
"suliot","3"
"sullen","3"
"sulphuri","1"
"sultri","1"
"sultriest","1"
"summer","7"
"summit","5"
"sumptuous","1"
"sun","18"
"sunbeam","2"
"sundri","3"
"sung","4"
"sunk","4"
"sunken","1"
"sunless","1"
"sunni","2"
"sunset","4"
"sunshin","1"
"superstit","3"
"supin","2"
"suppl","1"
"suppli","3"
"suppliant","1"
"support","1"
"suprem","1"
"supremaci","1"
"sure","7"
"surfac","3"
"surg","2"
"surpass","2"
"surpris","1"
"surround","2"
"surtout","1"
"survey","9"
"surviv","7"
"survivor","1"
"suspend","3"
"suspens","2"
"suspicion","1"
"sustain","3"
"swain","1"
"swallow","1"
"swamp","1"
"swan","1"
"swarthi","1"
"sway","7"
"sweat","2"
"sweep","7"
"sweet","24"
"sweeten","1"
"sweeter","2"
"sweetest","3"
"swell","9"
"swept","5"
"swerv","1"
"swift","9"
"swiftest","1"
"swim","1"
"swoll","1"
"swolln","1"
"sword","11"
"sworn","2"
"sylla","2"
"symbol","1"
"symmetri","1"
"sympathi","1"
"symplegad","1"
"synod","1"
"syracus","1"
"system","1"
"t","3"
"ta","3"
"tack","1"
"tackl","1"
"tagus","1"
"tail","1"
"taint","1"
"take","11"
"taken","1"
"talavera","2"
"tale","11"
"talent","1"
"talethi","1"
"talk","3"
"tall","1"
"talon","1"
"tambourgi","3"
"tame","3"
"tan","1"
"tangl","1"
"tannen","1"
"tare","1"
"tarpeian","1"
"tarri","1"
"tartar","1"
"task","3"
"tasso","3"
"tast","6"
"taught","7"
"tayo","1"
"teach","6"
"tear","36"
"teardrop","1"
"teas","1"
"teat","1"
"teem","5"
"teeth","1"
"teian","1"
"tell","13"
"temp","1"
"temper","4"
"tempest","9"
"templ","13"
"tempt","2"
"ten","3"
"tenant","1"
"tenantless","2"
"tend","3"
"tender","7"
"tenement","1"
"tepalen","1"
"term","1"
"terrestri","1"
"terribl","1"
"terror","3"
"test","2"
"textur","1"
"th","2"
"thami","1"
"than","63"
"thank","2"
"that","306"
"thatch","1"
"the","2210"
"theatr","2"
"thebe","1"
"thee","96"
"theeand","1"
"thei","1"
"their","225"
"them","61"
"theme","8"
"themebut","1"
"themselv","9"
"then","52"
"thenc","3"
"there","100"
"therefor","1"
"therein","1"
"thereon","1"
"thermopyla","1"
"these","62"
"they","129"
"thi","252"
"thick","3"
"thickest","1"
"thiev","1"
"thin","3"
"thine","50"
"thing","46"
"think","7"
"third","2"
"thirst","5"
"thirsti","1"
"thirteen","1"
"thirti","1"
"this","114"
"thorn","2"
"those","51"
"thou","141"
"though","97"
"thought","47"
"thoughtless","1"
"thousand","23"
"thraldom","1"
"thrall","1"
"thrasimen","2"
"thrasybulus","1"
"threaten","1"
"three","6"
"threescor","1"
"threw","1"
"thrice","1"
"thrift","1"
"thrill","5"
"thrive","1"
"thro","1"
"throb","2"
"throe","2"
"throne","18"
"throng","13"
"through","56"
"throughout","1"
"throw","2"
"thrown","1"
"thunder","16"
"thunderbolt","2"
"thunderstrik","1"
"thus","47"
"thwart","3"
"thyself","2"
"tiara","1"
"tiber","2"
"tide","13"
"tie","4"
"tiger","1"
"tight","1"
"till","42"
"time","54"
"timeaccurs","1"
"ting","2"
"tint","2"
"tire","5"
"tis","37"
"titan","2"
"titl","1"
"titus","1"
"to","740"
"today","1"
"togeth","2"
"toil","11"
"toilsom","1"
"token","3"
"told","4"
"tomb","20"
"tombless","1"
"tome","1"
"tomerit","1"
"tone","9"
"tongu","13"
"tongueson","1"
"too","49"
"took","2"
"tool","2"
"tooth","1"
"top","2"
"topmost","1"
"toppl","2"
"torch","2"
"tore","2"
"torn","7"
"torquato","2"
"torrent","7"
"torrid","1"
"tortur","9"
"totter","1"
"touch","5"
"toward","1"
"tower","17"
"town","1"
"toy","1"
"trace","14"
"track","5"
"trackless","1"
"trade","1"
"trader","1"
"tradit","1"
"trafalgar","2"
"tragic","1"
"train","5"
"traitor","2"
"traitorsir","1"
"trajan","2"
"trampl","2"
"trampler","1"
"tranc","1"
"tranquil","2"
"transfer","1"
"transgress","1"
"transient","3"
"transport","2"
"travel","3"
"travers","4"
"treacheri","2"
"tread","11"
"treason","2"
"treasur","2"
"trebl","1"
"trebli","1"
"tree","21"
"trembl","11"
"tress","3"
"tri","1"
"tribun","1"
"tribut","1"
"trim","1"
"tritonia","1"
"triumph","12"
"triumphal","2"
"triumphant","3"
"trod","5"
"trodden","2"
"trojan","1"
"troop","1"
"trope","1"
"trophi","6"
"troubl","3"
"troublous","1"
"trough","1"
"troy","1"
"true","17"
"truli","2"
"trump","1"
"trumpet","2"
"trunk","3"
"trust","8"
"trusti","1"
"truth","9"
"tuft","1"
"tulli","4"
"tumbl","2"
"tumult","1"
"tune","2"
"turban","2"
"turbul","1"
"turf","2"
"turk","4"
"turkish","1"
"turn","27"
"turnpik","1"
"turret","2"
"tuscan","2"
"twas","13"
"twere","7"
"twilight","5"
"twill","1"
"twin","1"
"twine","2"
"twinkl","1"
"twirl","1"
"twixt","3"
"two","6"
"twould","1"
"tyranni","4"
"tyrant","15"
"tyre","2"
"umbrag","1"
"unalt","1"
"unalter","1"
"unambiti","1"
"unavail","1"
"unaveng","1"
"unawar","1"
"unbalanc","1"
"unbleach","1"
"unbleed","1"
"unblest","2"
"unbodi","1"
"unbosom","1"
"unbought","1"
"unbound","2"
"unbow","1"
"unburi","1"
"unceas","1"
"unchang","1"
"unchangeabl","1"
"uncoffin","1"
"uncompel","1"
"unconfin","1"
"unconsci","2"
"uncouth","2"
"uncreat","1"
"undefil","2"
"undeplor","1"
"underneath","1"
"understand","3"
"undescrib","1"
"undesign","1"
"undi","1"
"undisgrac","1"
"undivid","1"
"undon","1"
"undrawn","1"
"unearth","2"
"unempti","1"
"unenvi","1"
"unequ","2"
"unequal","1"
"uner","2"
"uneradic","1"
"unf","1"
"unfit","1"
"unfold","3"
"unfound","1"
"unfurl","1"
"ungentl","2"
"ungod","1"
"ungrat","1"
"ungrate","1"
"unhappi","2"
"unharm","1"
"unheard","1"
"unheed","2"
"unhurt","1"
"unimpair","1"
"unit","6"
"univers","5"
"unjust","1"
"unkempt","1"
"unknel","1"
"unknown","2"
"unlaurel","1"
"unless","2"
"unlock","1"
"unman","2"
"unmantl","1"
"unmask","1"
"unmolest","1"
"unmov","5"
"unmove","1"
"unnatur","1"
"unpremedit","1"
"unprepar","1"
"unprofan","1"
"unprun","1"
"unquench","2"
"unquiet","1"
"unreach","1"
"unrecord","1"
"unrest","1"
"unrestor","1"
"unrestrain","1"
"unreturniug","1"
"unrol","2"
"unruffl","2"
"unscath","1"
"unseam","1"
"unseen","6"
"unsepulchr","1"
"unsex","1"
"unshaken","2"
"unsheath","1"
"unshorn","1"
"unsight","1"
"unskil","1"
"unslak","1"
"unsound","1"
"unspar","1"
"unspiritu","1"
"unstain","1"
"unstoop","1"
"unstrung","1"
"unsubdu","1"
"unsurpass","1"
"untaught","4"
"unteach","1"
"until","7"
"untir","2"
"unto","15"
"untold","1"
"unutter","1"
"unvari","1"
"unveil","2"
"unw","1"
"unwal","1"
"unwash","1"
"unweari","1"
"unwholesom","1"
"unwil","1"
"unwind","1"
"unworn","1"
"unworthi","2"
"unwrinkl","1"
"unyield","1"
"up","21"
"upa","1"
"upbraid","1"
"upheld","3"
"upon","55"
"uprear","2"
"uproot","1"
"upros","1"
"uptorn","1"
"upturn","1"
"urchin","2"
"urg","5"
"urn","8"
"us","32"
"use","3"
"usurp","2"
"utopia","1"
"utraikey","1"
"utter","2"
"vacanc","1"
"vacant","4"
"vain","63"
"vainer","1"
"vale","9"
"valiant","2"
"valley","5"
"valour","3"
"van","2"
"vanish","6"
"vaniti","2"
"vanquish","6"
"vari","5"
"varieg","1"
"varieti","1"
"various","2"
"vassal","2"
"vast","12"
"vasti","1"
"vathek","1"
"vatican","1"
"vault","1"
"vaunt","2"
"ve","3"
"veer","1"
"veil","9"
"vein","2"
"velino","1"
"venal","1"
"vener","4"
"vengeanc","8"
"venic","10"
"venom","3"
"vent","1"
"ventur","3"
"venus","1"
"verdant","3"
"verdur","1"
"verg","3"
"veri","11"
"veriest","1"
"vers","3"
"vessel","5"
"vest","1"
"veteran","1"
"vex","1"
"vice","6"
"victim","6"
"victor","8"
"victori","8"
"vie","4"
"view","29"
"vigil","1"
"vigor","1"
"vigour","2"
"vile","4"
"villag","2"
"vine","4"
"vineyard","2"
"vintag","1"
"violat","2"
"violet","1"
"virgil","1"
"virgin","3"
"virtu","9"
"visibl","1"
"vision","6"
"visit","1"
"vital","1"
"viva","1"
"vizier","1"
"voic","20"
"voiceless","2"
"void","3"
"volcan","2"
"volley","1"
"volum","3"
"voluptu","6"
"vomit","1"
"vortex","1"
"votari","5"
"vouch","1"
"voyag","1"
"vulgar","5"
"vultur","4"
"waft","3"
"wage","2"
"wahab","1"
"wail","3"
"wait","6"
"wake","2"
"walk","6"
"wall","34"
"wallflow","1"
"wan","1"
"wand","1"
"wander","15"
"wane","2"
"want","7"
"wanton","4"
"war","39"
"ware","1"
"warhound","1"
"warlik","4"
"warm","7"
"warn","1"
"warrior","6"
"warsong","1"
"was","151"
"wash","3"
"washington","1"
"wassail","1"
"wast","11"
"watch","11"
"watchflam","1"
"water","28"
"wateri","2"
"waterloo","3"
"wave","44"
"wax","2"
"way","25"
"wayward","3"
"we","104"
"weak","8"
"weakest","1"
"wealth","6"
"wealthi","1"
"wealthiest","3"
"wean","3"
"weapon","10"
"wear","11"
"weari","14"
"wearili","1"
"wearisom","1"
"weav","3"
"web","2"
"wed","2"
"weed","7"
"week","1"
"ween","4"
"weep","12"
"weigh","3"
"weight","6"
"welcom","13"
"well","31"
"wellassert","1"
"welltim","1"
"welter","1"
"wend","2"
"went","4"
"wept","2"
"were","91"
"wert","11"
"west","4"
"wet","1"
"what","111"
"whata","1"
"whateer","2"
"whatev","8"
"whatsoev","3"
"wheel","3"
"whelm","2"
"when","120"
"whenc","9"
"where","173"
"whereat","2"
"wherefor","4"
"wherein","4"
"whereof","1"
"whereon","6"
"whereso","1"
"wheresoev","1"
"wherev","5"
"wherewith","2"
"whet","1"
"whetston","1"
"whi","12"
"which","278"
"while","36"
"whilom","5"
"whilst","1"
"whim","1"
"whine","2"
"whirl","2"
"whirlwind","1"
"whiskey","1"
"whisper","6"
"white","15"
"whither","2"
"who","143"
"whole","6"
"whom","35"
"whomsoeer","1"
"whore","1"
"whose","77"
"whoso","1"
"wide","17"
"wider","2"
"widowhood","1"
"wield","5"
"wife","5"
"wight","3"
"wild","35"
"wilder","4"
"wile","2"
"will","58"
"willow","2"
"wilt","4"
"win","8"
"wind","31"
"window","1"
"wine","5"
"wing","14"
"winter","2"
"wipe","1"
"wire","1"
"wiri","1"
"wisdom","5"
"wise","7"
"wisest","1"
"wish","6"
"wishedfor","1"
"wist","1"
"wit","3"
"witch","2"
"with","371"
"withal","6"
"withdraw","2"
"wither","11"
"withheld","1"
"within","30"
"without","25"
"withouten","1"
"withstand","3"
"wittol","1"
"woe","31"
"wold","2"
"wolf","5"
"woman","8"
"womb","1"
"women","1"
"won","12"
"wonder","10"
"wondrous","3"
"wont","6"
"woo","10"
"wood","4"
"woodi","2"
"word","18"
"wore","4"
"work","11"
"world","34"
"worldl","1"
"worm","3"
"wormwood","2"
"worn","13"
"wors","4"
"worship","11"
"worshipp","3"
"worst","8"
"worth","7"
"worthi","4"
"worthier","2"
"worthiest","1"
"worthless","4"
"would","82"
"wouldst","4"
"wound","10"
"woven","1"
"wrap","4"
"wrapt","4"
"wrath","8"
"wreak","2"
"wreath","4"
"wreck","9"
"wrest","1"
"wrestl","1"
"wretch","5"
"wring","1"
"wrinkl","2"
"writ","4"
"write","1"
"writh","1"
"written","1"
"wrong","15"
"wrote","1"
"wrought","6"
"wrung","6"
"yanina","1"
"yawn","2"
"yclad","1"
"ye","51"
"yea","2"
"year","43"
"yeast","1"
"yell","4"
"yellow","2"
"yeoman","2"
"yes","5"
"yesterday","1"
"yet","136"
"ygaze","1"
"yield","17"
"yoke","4"
"yon","17"
"yonder","5"
"yore","8"
"you","15"
"young","27"
"youngest","1"
"youngey","1"
"your","11"
"youth","32"
"zeal","3"
"zealot","1"
"zephyr","1"
"zest","1"
"zion","1"
"zitza","1"
"zone","4"
